{"best validation loss": 0.04627336610454988, "last validation loss": 0.034824702676918645, "best train loss": 0.034824702676918645, "last train loss": 0.04627336610454988, "total train time": 22.23563504219055}