{"best validation loss": 0.5524247044894093, "last validation loss": 0.8841909229729271, "best train loss": 0.8841909229729271, "last train loss": 0.5524247044894093, "total train time": 35.540104150772095}