{"best validation loss": 53.962316460348895, "last validation loss": 53.71430206298828, "best train loss": 53.71430206298828, "last train loss": 53.962316460348895, "total train time": 263.3147540092468}