{"best validation loss": 0.6704687711265666, "last validation loss": 0.7432581493827006, "best train loss": 0.7432581493827006, "last train loss": 0.6704687711265666, "total train time": 10.063440084457397}