{"best validation loss": 0.026030930533760314, "last validation loss": 0.03730497805010535, "best train loss": 0.03730497805010535, "last train loss": 0.026030930533760314, "total train time": 31.324794054031372}