{"best validation loss": 0.025426449157747513, "last validation loss": 0.033100369222618976, "best train loss": 0.033100369222618976, "last train loss": 0.025426449157747513, "total train time": 11.583760261535645}