{"best validation loss": 0.6067694005846765, "last validation loss": 0.7167739151463364, "best train loss": 0.7167739151463364, "last train loss": 0.6067694005846765, "total train time": 46.70406413078308}