{"best validation loss": 0.038337178828239386, "last validation loss": 0.03290412907313755, "best train loss": 0.03290412907313755, "last train loss": 0.038337178828239386, "total train time": 385.5809941291809}