{"best validation loss": 0.03223516000434756, "last validation loss": 0.025113404728472233, "best train loss": 0.025113404728472233, "last train loss": 0.03223516000434756, "total train time": 11.633538246154785}