{"best validation loss": 0.018618509439485415, "last validation loss": 0.019578725720445316, "best train loss": 0.019578725720445316, "last train loss": 0.018618509439485415, "total train time": 24.32517409324646, "epochs": 5}