{"best validation loss": 0.08064615309505659, "last validation loss": 0.03328468555867862, "best train loss": 0.03328468555867862, "last train loss": 0.08064615309505659, "total train time": 33.39918804168701}