{"best validation loss": 0.02292679340795526, "last validation loss": 0.02085517901049335, "best train loss": 0.02085517901049335, "last train loss": 0.02292679340795526, "total train time": 60.672844886779785}