{"best validation loss": 0.025614966235287393, "last validation loss": 0.017391556568296912, "best train loss": 0.017391556568296912, "last train loss": 0.025614966235287393, "total train time": 33.02475333213806}