{"best validation loss": 0.015838121947157998, "last validation loss": 0.01554699953306805, "best train loss": 0.015522682785310528, "last train loss": 0.015838121947157998, "total train time": 2006.3207290172577}