{"best validation loss": 0.050800681003271946, "last validation loss": 0.03947974741458893, "best train loss": 0.03947974741458893, "last train loss": 0.050800681003271946, "total train time": 199.63971281051636}