{"best validation loss": 0.01912847427385194, "last validation loss": 0.019612101837992668, "best train loss": 0.019612101837992668, "last train loss": 0.01912847427385194, "total train time": 31.91214108467102, "epochs": 5}