{"best validation loss": 0.01795502539191927, "last validation loss": 0.019122032448649406, "best train loss": 0.019122032448649406, "last train loss": 0.01795502539191927, "total train time": 25.477612018585205, "epochs": 5}