{"best validation loss": 0.6254366709784938, "last validation loss": 0.8831263898223068, "best train loss": 0.8831263898223068, "last train loss": 0.6254366709784938, "total train time": 9.619852781295776}