{"best validation loss": 0.021206416073923873, "last validation loss": 0.14288315176963806, "best train loss": 0.056855253875255585, "last train loss": 0.021206416073923873, "total train time": 1032.8644120693207}