{"best validation loss": 0.03467499413854483, "last validation loss": 0.022365615920812123, "best train loss": 0.022365615920812123, "last train loss": 0.03467499413854483, "total train time": 344.9521219730377}