{"best validation loss": 0.03536778409034014, "last validation loss": 0.02602585032582283, "best train loss": 0.02602585032582283, "last train loss": 0.03536778409034014, "total train time": 9.441830158233643}