{"best validation loss": 0.04539332189853152, "last validation loss": 0.02175213730333361, "best train loss": 0.02175213730333361, "last train loss": 0.04539332189853152, "total train time": 60.98637008666992}