{"best validation loss": 0.03846264397725463, "last validation loss": 0.028384516015648842, "best train loss": 0.028384516015648842, "last train loss": 0.03846264397725463, "total train time": 11.205949068069458}