{"best validation loss": 0.021950539907756524, "last validation loss": 0.42332195224506514, "best train loss": 0.42173810728958677, "last train loss": 0.021950539907756524, "total train time": 6171.48073387146}