{"best validation loss": 0.01641405223473981, "last validation loss": 0.015185915030216199, "best train loss": 0.015184089325645122, "last train loss": 0.01641405223473981, "total train time": 2933.1669750213623}